{
  "/users/{id}/avatar": {
    "get": {
      "summary": "Gets User Avatar",
      "tags": [
        "users"
      ],
      "produces": [
        "application/json"
      ],
      "x-roles": [
        "admin",
        "staff",
        "user"
      ],
      "operationId": "get_users_id_avatar",
      "security": [
        {
          "internalApiKey": []
        }
      ],
      "parameters": [
        {
          "name": "id",
          "in": "path",
          "description": "user id",
          "required": true,
          "type": "number",
          "format": "double"
        }
      ],
      "responses": {
        "200": {
          "description": "User Avatar",
          "type": "file"
        },
        "default": {
          "description": "Unexpected error",
          "schema": {
            "$ref": "#/definitions/Error"
          }
        }
      }
    },
    "put": {
      "summary": "Adds a User Avatar",
      "tags": [
        "users"
      ],
      "produces": [
        "application/json"
      ],
      "x-roles": [
        "admin",
        "staff",
        "user"
      ],
      "operationId": "put_users_id_avatar",
      "security": [
        {
          "internalApiKey": []
        }
      ],
      "parameters": [
        {
          "name": "id",
          "in": "path",
          "description": "user id",
          "required": true,
          "type": "number",
          "format": "double"
        },
        {
          "name": "avatar",
          "in": "formData",
          "description": "user icon to add",
          "required": true,
          "type": "file"
        }
      ],
      "responses": {
        "200": {
          "description": "file",
          "schema": {
            "$ref": "#/definitions/files"
          }
        },
        "default": {
          "description": "Unexpected error",
          "schema": {
            "$ref": "#/definitions/Error"
          }
        }
      }
    }
  },
  "/users/register": {
    "post": {
      "summary": "Registers a new User",
      "tags": [
        "users"
      ],
      "produces": [
        "application/json"
      ],
      "x-roles": [
        "admin",
        "staff",
        "user"
      ],
      "operationId": "post_users_register",
      "security": [
        {
          "internalApiKey": []
        }
      ],
      "parameters": [
        {
          "name": "user",
          "in": "body",
          "description": "user to create",
          "required": true,
          "schema": {
            "$ref": "#/definitions/users"
          }
        }
      ],
      "responses": {
        "200": {
          "description": "An array of Users",
          "schema": {
            "type": "array",
            "items": {
              "$ref": "#/definitions/users"
            }
          }
        },
        "default": {
          "description": "Unexpected error",
          "schema": {
            "$ref": "#/definitions/Error"
          }
        }
      }
    }
  },
  "/users/{id}/suspend": {
    "post": {
      "summary": "Suspend the User",
      "tags": [
        "users"
      ],
      "produces": [
        "application/json"
      ],
      "x-roles": [
        "admin",
        "staff"
      ],
      "operationId": "post_users_id_suspend",
      "security": [
        {
          "internalApiKey": []
        }
      ],
      "parameters": [
        {
          "name": "id",
          "in": "path",
          "description": "user to suspend",
          "required": true,
          "type": "number"
        }
      ],
      "responses": {
        "200": {
          "description": "A user",
          "schema": {
            "$ref": "#/definitions/users"
          }
        },
        "default": {
          "description": "Unexpected error",
          "schema": {
            "$ref": "#/definitions/Error"
          }
        }
      }
    }
  },
  "/users/{id}/unsuspend": {
    "post": {
      "summary": "UnSuspend the User",
      "tags": [
        "users"
      ],
      "produces": [
        "application/json"
      ],
      "x-roles": [
        "admin",
        "staff"
      ],
      "operationId": "post_users_id_unsuspend",
      "security": [
        {
          "internalApiKey": []
        }
      ],
      "parameters": [
        {
          "name": "id",
          "in": "path",
          "description": "user to unsuspend",
          "required": true,
          "type": "number"
        }
      ],
      "responses": {
        "200": {
          "description": "A user",
          "schema": {
            "$ref": "#/definitions/users"
          }
        },
        "default": {
          "description": "Unexpected error",
          "schema": {
            "$ref": "#/definitions/Error"
          }
        }
      }
    }
  },
  "/users/invite": {
    "post": {
      "summary": "Invites a new User",
      "tags": [
        "users"
      ],
      "produces": [
        "application/json"
      ],
      "x-roles": [
        "admin",
        "staff"
      ],
      "operationId": "post_users_invite",
      "security": [
        {
          "internalApiKey": []
        }
      ],
      "parameters": [
        {
          "name": "email",
          "in": "body",
          "description": "user to create",
          "required": true,
          "type": "string"
        }
      ],
      "responses": {
        "200": {
          "description": "Invitation URL",
          "type": "string"
        },
        "default": {
          "description": "Unexpected error",
          "schema": {
            "$ref": "#/definitions/Error"
          }
        }
      }
    }
  },
  "/users/{id}/token": {
    "post": {
      "summary": "Get a token for a user",
      "tags": [
        "users"
      ],
      "produces": [
        "application/json"
      ],
      "x-roles": [
        "admin"
      ],
      "operationId": "post_users_id_token",
      "security": [
        {
          "internalApiKey": []
        }
      ],
      "parameters": [
        {
          "name": "id",
          "in": "path",
          "description": "user to get a token for",
          "required": true,
          "type": "number"
        }
      ],
      "responses": {
        "200": {
          "description": "API JSON Web token for specified user",
          "type": "string"
        }
      }
    }
  },
  "/roles/manage-permissions": {
    "get": {
      "summary": "Gets all roles with permissions",
      "tags": [
        "roles"
      ],
      "produces": [
        "application/json"
      ],
      "x-roles": [
        "admin"
      ],
      "operationId": "get_roles_manage_permissions",
      "security": [
        {
          "internalApiKey": []
        }
      ],
      "responses": {
        "200": {
          "description": "An array of roles",
          "schema": {
            "type": "array",
            "items": {
              "$ref": "#/definitions/roles_permissions"
            }
          }
        },
        "default": {
          "description": "Unexpected error",
          "schema": {
            "$ref": "#/definitions/Error"
          }
        }
      }
    },
    "post": {
      "summary": "Update role with permission",
      "tags": [
        "roles"
      ],
      "produces": [
        "application/json"
      ],
      "x-roles": [
        "admin"
      ],
      "operationId": "post_roles_manage_permissions",
      "security": [
        {
          "internalApiKey": []
        }
      ],
      "parameters": [
        {
          "name": "role",
          "in": "body",
          "description": "roles and permissions to update",
          "required": true,
          "schema": {
            "$ref": "#/definitions/roles_permissions"
          }
        }
      ],
      "responses": {
        "200": {
          "description": "An array of roles",
          "schema": {
            "type": "array",
            "items": {
              "$ref": "#/definitions/roles_permissions"
            }
          }
        },
        "default": {
          "description": "Unexpected error",
          "schema": {
            "$ref": "#/definitions/Error"
          }
        }
      }
    }
  },
  "/service-templates/public": {
    "get": {
      "summary": "Gets all public service-templates",
      "tags": [
        "service-templates"
      ],
      "produces": [
        "application/json"
      ],
      "x-roles": [
        "admin",
        "staff",
        "user"
      ],
      "operationId": "get_service_templates_public",
      "security": [
        {
          "internalApiKey": []
        }
      ],
      "responses": {
        "200": {
          "description": "An array of service-templates",
          "schema": {
            "type": "array",
            "items": {
              "$ref": "#/definitions/service_templates"
            }
          }
        },
        "default": {
          "description": "Unexpected error",
          "schema": {
            "$ref": "#/definitions/Error"
          }
        }
      }
    }
  },
  "/service-templates/{id}/icon": {
    "get": {
      "summary": "Gets Service Template Icon",
      "tags": [
        "service-templates"
      ],
      "produces": [
        "application/json"
      ],
      "x-roles": [
        "admin",
        "staff",
        "user"
      ],
      "operationId": "get_service_templates_id_icon",
      "security": [
        {
          "internalApiKey": []
        }
      ],
      "parameters": [
        {
          "name": "id",
          "in": "path",
          "description": "service-template id",
          "required": true,
          "type": "number",
          "format": "double"
        }
      ],
      "responses": {
        "200": {
          "description": "service-template File",
          "type": "file"
        },
        "default": {
          "description": "Unexpected error",
          "schema": {
            "$ref": "#/definitions/Error"
          }
        }
      }
    },
    "put": {
      "summary": "Adds a Service Template Icon",
      "tags": [
        "service-templates"
      ],
      "produces": [
        "application/json"
      ],
      "x-roles": [
        "admin",
        "staff"
      ],
      "operationId": "put_service_templates_id_icon",
      "security": [
        {
          "internalApiKey": []
        }
      ],
      "parameters": [
        {
          "name": "id",
          "in": "path",
          "description": "service-template id",
          "required": true,
          "type": "number",
          "format": "double"
        },
        {
          "name": "template-icon",
          "in": "formData",
          "description": "service-template icon to add",
          "required": true,
          "type": "file"
        }
      ],
      "responses": {
        "200": {
          "description": "An array of System Options",
          "schema": {
            "$ref": "#/definitions/files"
          }
        },
        "default": {
          "description": "Unexpected error",
          "schema": {
            "$ref": "#/definitions/Error"
          }
        }
      }
    },
    "delete": {
      "summary": "Deletes Service Template Icon",
      "tags": [
        "service-templates"
      ],
      "produces": [
        "application/json"
      ],
      "x-roles": [
        "admin",
        "staff"
      ],
      "operationId": "delete_service_templates_id_icon",
      "security": [
        {
          "internalApiKey": []
        }
      ],
      "parameters": [
        {
          "name": "id",
          "in": "path",
          "description": "service-template id",
          "required": true,
          "type": "number",
          "format": "double"
        }
      ],
      "responses": {
        "200": {
          "description": "message",
          "type": "string"
        },
        "default": {
          "description": "Unexpected error",
          "schema": {
            "$ref": "#/definitions/Error"
          }
        }
      }
    }
  },
  "/service-templates/{id}/image": {
    "get": {
      "summary": "Gets Service Template Image",
      "tags": [
        "service-templates"
      ],
      "produces": [
        "application/json"
      ],
      "x-roles": [
        "admin",
        "staff",
        "user"
      ],
      "operationId": "get_service_templates_id_image",
      "security": [
        {
          "internalApiKey": []
        }
      ],
      "parameters": [
        {
          "name": "id",
          "in": "path",
          "description": "service-template id",
          "required": true,
          "type": "number",
          "format": "double"
        }
      ],
      "responses": {
        "200": {
          "description": "service-template File",
          "type": "file"
        },
        "default": {
          "description": "Unexpected error",
          "schema": {
            "$ref": "#/definitions/Error"
          }
        }
      }
    },
    "put": {
      "summary": "Adds a Service Template Image",
      "tags": [
        "service-templates"
      ],
      "produces": [
        "application/json"
      ],
      "x-roles": [
        "admin",
        "staff"
      ],
      "operationId": "put_service_templates_id_image",
      "security": [
        {
          "internalApiKey": []
        }
      ],
      "parameters": [
        {
          "name": "id",
          "in": "path",
          "description": "service-template id",
          "required": true,
          "type": "number",
          "format": "double"
        },
        {
          "name": "template-image",
          "in": "formData",
          "description": "service-template image to add",
          "required": true,
          "type": "file"
        }
      ],
      "responses": {
        "200": {
          "description": "An array of System Options",
          "schema": {
            "$ref": "#/definitions/files"
          }
        },
        "default": {
          "description": "Unexpected error",
          "schema": {
            "$ref": "#/definitions/Error"
          }
        }
      }
    },
    "delete": {
      "summary": "Deletes Service Template Image",
      "tags": [
        "service-templates"
      ],
      "produces": [
        "application/json"
      ],
      "x-roles": [
        "admin",
        "staff"
      ],
      "operationId": "delete_service_templates_id_image",
      "security": [
        {
          "internalApiKey": []
        }
      ],
      "parameters": [
        {
          "name": "id",
          "in": "path",
          "description": "service-template id",
          "required": true,
          "type": "number",
          "format": "double"
        }
      ],
      "responses": {
        "200": {
          "description": "message",
          "type": "string"
        },
        "default": {
          "description": "Unexpected error",
          "schema": {
            "$ref": "#/definitions/Error"
          }
        }
      }
    }
  },
  "/service-templates/{id}/request": {
    "get": {
      "summary": "Gets a service-template Request",
      "tags": [
        "service-templates"
      ],
      "produces": [
        "application/json"
      ],
      "x-roles": [
        "admin",
        "staff",
        "user"
      ],
      "operationId": "get_service_templates_id_request",
      "security": [
        {
          "internalApiKey": []
        }
      ],
      "parameters": [
        {
          "name": "id",
          "in": "path",
          "description": "service-templates id",
          "required": true,
          "type": "number",
          "format": "double"
        }
      ],
      "responses": {
        "200": {
          "description": "A service-template request",
          "type": "object"
        },
        "default": {
          "description": "Unexpected error",
          "schema": {
            "$ref": "#/definitions/Error"
          }
        }
      }
    },
    "post": {
      "summary": "Requests a service-instance",
      "description": "Can make this call unauthorized, but must also send 'email' and 'token_id' in the request JSON",
      "tags": [
        "service-templates"
      ],
      "produces": [
        "application/json"
      ],
      "x-roles": [
        "admin",
        "staff",
        "user"
      ],
      "operationId": "put_service_templates_id_request",
      "security": [
        {
          "internalApiKey": []
        }
      ],
      "parameters": [
        {
          "name": "id",
          "in": "path",
          "description": "service-templates id",
          "required": true,
          "type": "number",
          "format": "double"
        },
        {
          "name": "request",
          "in": "body",
          "description": "service-template request information",
          "required": true,
          "schema": {
            "$ref": "#/definitions/service_instance_request"
          }
        }
      ],
      "responses": {
        "200": {
          "description": "The newly provisioned service instance",
          "schema": {
              "$ref": "#/definitions/service_instances"
          }
        },
        "default": {
          "description": "Unexpected error",
          "schema": {
            "$ref": "#/definitions/Error"
          }
        }
      }
    }
  },
  "/service-instances/{id}/approve": {
    "post": {
      "summary": "Approves a service-instance",
      "tags": [
        "service-instances"
      ],
      "produces": [
        "application/json"
      ],
      "x-roles": [
        "admin",
        "staff",
        "user"
      ],
      "operationId": "post_service_instances_id_approve",
      "security": [
        {
          "internalApiKey": []
        }
      ],
      "parameters": [
        {
          "name": "id",
          "in": "path",
          "description": "service-instance id",
          "required": true,
          "type": "number",
          "format": "double"
        }
      ],
      "responses": {
        "200": {
          "description": "A service-instance",
          "schema": {
            "$ref": "#/definitions/service_instances"
          }
        },
        "default": {
          "description": "Unexpected error",
          "schema": {
            "$ref": "#/definitions/Error"
          }
        }
      }
    }
  },
  "/service-instances/{id}/reactivate": {
    "post": {
      "summary": "Reactivates a cancelled service-instance",
      "tags": [
        "service-instances"
      ],
      "produces": [
        "application/json"
      ],
      "x-roles": [
        "admin",
        "staff",
        "user"
      ],
      "operationId": "post_service_instances_id_reactivate",
      "security": [
        {
          "internalApiKey": []
        }
      ],
      "parameters": [
        {
          "name": "id",
          "in": "path",
          "description": "service-instance id",
          "required": true,
          "type": "number",
          "format": "double"
        }
      ],
      "responses": {
        "200": {
          "description": "A service-instance",
          "schema": {
            "$ref": "#/definitions/service_instances"
          }
        },
        "default": {
          "description": "Unexpected error",
          "schema": {
            "$ref": "#/definitions/Error"
          }
        }
      }
    }
  },
  "/service-instances/{id}/change-price": {
    "post": {
      "summary": "Change a service-instance payment plan",
      "tags": [
        "service-instances"
      ],
      "produces": [
        "application/json"
      ],
      "x-roles": [
        "admin",
        "staff"
      ],
      "operationId": "post_service_instances_id_change_price",
      "security": [
        {
          "internalApiKey": []
        }
      ],
      "parameters": [
        {
          "name": "id",
          "in": "path",
          "description": "service-instance id",
          "required": true,
          "type": "number",
          "format": "double"
        },
        {
          "name": "payment_plan",
          "in": "body",
          "description": "service instance payment_plan to update",
          "required": true,
          "schema": {
            "type": "object",
            "properties": {
              "statement_descriptor": {
                "type": "string",
                "description": "what shows up on statement"
              },
              "amount": {
                "type": "integer",
                "description": "Amount in cents"
              },
              "currency": {
                "type": "string",
                "description": "curency type"
              },
              "interval": {
                "type": "string",
                "description": "Interval period (month, day, year)"
              },
              "interval_count": {
                "type": "integer",
                "description": "Number of intervals in a period, for example with a monthly interval and interval_count of 1, customer charged every month"
              },
              "subscription_prorate": {
                "type": "boolean",
                "description": "Prorate changes?"
              },
              "trial_period_days": {
                "type": "integer",
                "description": "Days of trial"
              }
            }
          }
        }
      ],
      "responses": {
        "200": {
          "description": "A service-instance",
          "schema": {
            "$ref": "#/definitions/service_instances"
          }
        },
        "default": {
          "description": "Unexpected error",
          "schema": {
            "$ref": "#/definitions/Error"
          }
        }
      }
    }
  },
  "/service-instances/{id}/change-properties": {
    "post": {
      "summary": "Changes a service instance properties, can affect instance pricing if subscription.",
      "tags": [
        "service-instances"
      ],
      "produces": [
        "application/json"
      ],
      "x-roles": [
        "admin",
        "staff",
        "user"
      ],
      "operationId": "post_service_instances_id_change_properties",
      "security": [
        {
          "internalApiKey": []
        }
      ],
      "parameters": [
      ],
      "responses": {
        "200": {
          "description": "A service-instance",
          "schema": {
            "$ref": "#/definitions/service_instances"
          }
        },
        "default": {
          "description": "Unexpected error",
          "schema": {
            "$ref": "#/definitions/Error"
          }
        }
      }
    }
  },
  "/service-instances/{id}/cancel": {
    "post": {
      "summary": "Cancel a service-instance",
      "tags": [
        "service-instances"
      ],
      "produces": [
        "application/json"
      ],
      "x-roles": [
        "admin",
        "staff"
      ],
      "operationId": "post_service_instances_id_cancel",
      "security": [
        {
          "internalApiKey": []
        }
      ],
      "parameters": [
        {
          "name": "id",
          "in": "path",
          "description": "service-instance id",
          "required": true,
          "type": "number",
          "format": "double"
        }
      ],
      "responses": {
        "200": {
          "description": "A service-instance",
          "schema": {
            "$ref": "#/definitions/service_instances"
          }
        },
        "default": {
          "description": "Unexpected error",
          "schema": {
            "$ref": "#/definitions/Error"
          }
        }
      }
    }
  },
  "/service-instances/{id}/request-cancellation": {
    "post": {
      "summary": "Request Cancellation of a service-instance",
      "tags": [
        "service-instances"
      ],
      "produces": [
        "application/json"
      ],
      "x-roles": [
        "admin",
        "staff",
        "user"
      ],
      "operationId": "post_service_instances_id_request_cancellation",
      "security": [
        {
          "internalApiKey": []
        }
      ],
      "parameters": [
        {
          "name": "id",
          "in": "path",
          "description": "service-instance id",
          "required": true,
          "type": "number",
          "format": "double"
        }
      ],
      "responses": {
        "200": {
          "description": "A service-instance-cancellation",
          "schema": {
            "$ref": "#/definitions/service_instance_cancellations"
          }
        },
        "default": {
          "description": "Unexpected error",
          "schema": {
            "$ref": "#/definitions/Error"
          }
        }
      }
    }
  },
  "/service-instances/{id}/add-charge": {
    "post": {
      "summary": "Add a charge to a service-instance",
      "tags": [
        "service-instances"
      ],
      "produces": [
        "application/json"
      ],
      "x-roles": [
        "admin",
        "staff"
      ],
      "operationId": "post_service_instances_id_add_charge",
      "security": [
        {
          "internalApiKey": []
        }
      ],
      "parameters": [
        {
          "name": "id",
          "in": "path",
          "description": "service-instance id",
          "required": true,
          "type": "number",
          "format": "double"
        }
      ],
      "responses": {
        "200": {
          "description": "A charge-item",
          "schema": {
            "$ref": "#/definitions/charge_items"
          }
        },
        "default": {
          "description": "Unexpected error",
          "schema": {
            "$ref": "#/definitions/Error"
          }
        }
      }
    }
  },
  "/service-instances/{id}/awaiting-charges": {
    "get": {
      "summary": "Get service-instance awaiting charges",
      "tags": [
        "service-instances"
      ],
      "produces": [
        "application/json"
      ],
      "x-roles": [
        "admin",
        "staff",
        "user"
      ],
      "operationId": "get_service_instances_id_awaiting_charges",
      "security": [
        {
          "internalApiKey": []
        }
      ],
      "parameters": [
        {
          "name": "id",
          "in": "path",
          "description": "service-instance id",
          "required": true,
          "type": "number",
          "format": "double"
        }
      ],
      "responses": {
        "200": {
          "description": "Service Instance Charge Items",
          "schema": {
            "type": "array",
            "items": {
              "$ref": "#/definitions/charge_items"
            }
          }
        },
        "default": {
          "description": "Unexpected error",
          "schema": {
            "$ref": "#/definitions/Error"
          }
        }
      }
    }
  },
  "/service-instances/{id}/approve-charges": {
    "post": {
      "summary": "Approve a service-instance charges",
      "tags": [
        "service-instances"
      ],
      "produces": [
        "application/json"
      ],
      "x-roles": [
        "admin",
        "staff",
        "user"
      ],
      "operationId": "post_service_instances_id_approve_charges",
      "security": [
        {
          "internalApiKey": []
        }
      ],
      "parameters": [
        {
          "name": "id",
          "in": "path",
          "description": "service-instance id",
          "required": true,
          "type": "number",
          "format": "double"
        }
      ],
      "responses": {
        "200": {
          "description": "A service-instance",
          "schema": {
            "type": "array",
            "items": {
              "$ref": "#/definitions/charge_items"
            }
          }
        },
        "default": {
          "description": "Unexpected error",
          "schema": {
            "$ref": "#/definitions/Error"
          }
        }
      }
    }
  },
  "/service-instances/{id}/files": {
    "post": {
      "summary": "Add a service-instance Files",
      "tags": [
        "service-instances"
      ],
      "produces": [
        "application/json"
      ],
      "x-roles": [
        "admin",
        "staff",
        "user"
      ],
      "operationId": "post_service_instances_id_files",
      "security": [
        {
          "internalApiKey": []
        }
      ],
      "parameters": [
        {
          "name": "id",
          "in": "path",
          "description": "service-instance id",
          "required": true,
          "type": "number",
          "format": "double"
        },
        {
          "name": "files",
          "in": "body",
          "description": "service-instance files",
          "required": true,
          "type": "array",
          "items": {
            "type": "file"
          }
        }
      ],
      "responses": {
        "200": {
          "description": "Files",
          "schema": {
            "type": "array",
            "items": {
              "$ref": "#/definitions/files"
            }
          }
        },
        "default": {
          "description": "Unexpected error",
          "schema": {
            "$ref": "#/definitions/Error"
          }
        }
      }
    },
    "get": {
      "summary": "Get service-instance files",
      "tags": [
        "service-instances"
      ],
      "produces": [
        "application/json"
      ],
      "x-roles": [
        "admin",
        "staff",
        "user"
      ],
      "operationId": "get_service_instances_id_files",
      "security": [
        {
          "internalApiKey": []
        }
      ],
      "parameters": [
        {
          "name": "id",
          "in": "path",
          "description": "service-instance id",
          "required": true,
          "type": "number",
          "format": "double"
        }
      ],
      "responses": {
        "200": {
          "description": "Service Instance Charge Items",
          "schema": {
            "type": "array",
            "items": {
              "type": "file"
            }
          }
        },
        "default": {
          "description": "Unexpected error",
          "schema": {
            "$ref": "#/definitions/Error"
          }
        }
      }
    }
  },
  "/service-instances/{id}/files/{fid}": {
    "delete": {
      "summary": "Add a service-instance Files",
      "tags": [
        "service-instances"
      ],
      "produces": [
        "application/json"
      ],
      "x-roles": [
        "admin",
        "staff",
        "user"
      ],
      "operationId": "delete_service_instances_id_files_fid",
      "security": [
        {
          "internalApiKey": []
        }
      ],
      "parameters": [
        {
          "name": "id",
          "in": "path",
          "description": "service-instance id",
          "required": true,
          "type": "number",
          "format": "double"
        },
        {
          "name": "fid",
          "in": "path",
          "description": "service-instance file id",
          "required": true,
          "type": "number",
          "format": "double"
        }
      ],
      "responses": {
        "200": {
          "description": "Message",
          "type": "string"
        },
        "default": {
          "description": "Unexpected error",
          "schema": {
            "$ref": "#/definitions/Error"
          }
        }
      }
    },
    "get": {
      "summary": "Get service-instance files",
      "tags": [
        "service-instances"
      ],
      "produces": [
        "application/json"
      ],
      "x-roles": [
        "admin",
        "staff",
        "user"
      ],
      "operationId": "get_service_instances_id_files_fid",
      "security": [
        {
          "internalApiKey": []
        }
      ],
      "parameters": [
        {
          "name": "id",
          "in": "path",
          "description": "service-instance id",
          "required": true,
          "type": "number",
          "format": "double"
        },
        {
          "name": "fid",
          "in": "path",
          "description": "service-instance file id",
          "required": true,
          "type": "number",
          "format": "double"
        }
      ],
      "responses": {
        "200": {
          "description": "Service Instance File",
          "type": "file"
        },
        "default": {
          "description": "Unexpected error",
          "schema": {
            "$ref": "#/definitions/Error"
          }
        }
      }
    }
  },
  "/service-instance-cancellations/{id}/approve": {
    "post": {
      "summary": "Approves a service-instance-cancellations",
      "tags": [
        "service-instance-cancellations"
      ],
      "produces": [
        "application/json"
      ],
      "x-roles": [
        "admin",
        "staff"
      ],
      "operationId": "post_service_instance_cancellations_id_approve",
      "security": [
        {
          "internalApiKey": []
        }
      ],
      "parameters": [
        {
          "name": "id",
          "in": "path",
          "description": "service-instance-cancellations id",
          "required": true,
          "type": "number",
          "format": "double"
        }
      ],
      "responses": {
        "200": {
          "description": "Canceled Instance",
          "schema": {
            "$ref": "#/definitions/service_instance_cancellations"
          }
        },
        "default": {
          "description": "Unexpected error",
          "schema": {
            "$ref": "#/definitions/Error"
          }
        }
      }
    }
  },
  "/service-instance-cancellations/{id}/reject": {
    "post": {
      "summary": "Rejects a service-instance-cancellations",
      "tags": [
        "service-instance-cancellations"
      ],
      "produces": [
        "application/json"
      ],
      "x-roles": [
        "admin",
        "staff"
      ],
      "operationId": "post_service_instance_cancellations_id_reject",
      "security": [
        {
          "internalApiKey": []
        }
      ],
      "parameters": [
        {
          "name": "id",
          "in": "path",
          "description": "service-instance-cancellations id",
          "required": true,
          "type": "number",
          "format": "double"
        }
      ],
      "responses": {
        "200": {
          "description": "Updated Instance",
          "schema": {
            "$ref": "#/definitions/service_instance_cancellations"
          }
        },
        "default": {
          "description": "Unexpected error",
          "schema": {
            "$ref": "#/definitions/Error"
          }
        }
      }
    }
  },
  "/service-instance-cancellations/{id}/undo": {
    "post": {
      "summary": "Rejects a service-instance-cancellations for the user who created it",
      "tags": [
        "service-instance-cancellations"
      ],
      "produces": [
        "application/json"
      ],
      "x-roles": [
        "admin",
        "staff",
        "user"
      ],
      "operationId": "post_service_instance_cancellations_id_undo",
      "security": [
        {
          "internalApiKey": []
        }
      ],
      "parameters": [
        {
          "name": "id",
          "in": "path",
          "description": "service-instance-cancellations id",
          "required": true,
          "type": "number",
          "format": "double"
        }
      ],
      "responses": {
        "200": {
          "description": "Updated Instance",
          "schema": {
            "$ref": "#/definitions/service_instance_cancellations"
          }
        },
        "default": {
          "description": "Unexpected error",
          "schema": {
            "$ref": "#/definitions/Error"
          }
        }
      }
    }
  },
  "/notification-templates/{id}/roles": {
    "get": {
      "summary": "Gets Notification Template Roles",
      "tags": [
        "notification-templates"
      ],
      "produces": [
        "application/json"
      ],
      "x-roles": [
        "admin"
      ],
      "operationId": "get_notification_templates_id_roles",
      "security": [
        {
          "internalApiKey": []
        }
      ],
      "parameters": [
        {
          "name": "id",
          "in": "path",
          "description": "Notification Template id",
          "required": true,
          "type": "number",
          "format": "double"
        }
      ],
      "responses": {
        "200": {
          "description": "Template to Roles",
          "type": "object"
        },
        "default": {
          "description": "Unexpected error",
          "schema": {
            "$ref": "#/definitions/Error"
          }
        }
      }
    },
    "put": {
      "summary": "Updates an Notification Template Role",
      "tags": [
        "notification-templates"
      ],
      "produces": [
        "application/json"
      ],
      "x-roles": [
        "admin"
      ],
      "operationId": "put_notification_templates_id_roles",
      "security": [
        {
          "internalApiKey": []
        }
      ],
      "parameters": [
        {
          "name": "id",
          "in": "path",
          "description": "Notification Template id",
          "required": true,
          "type": "number",
          "format": "double"
        },
        {
          "name": "Notification-Template-To-Role",
          "in": "body",
          "description": "Notification Template to Role",
          "required": true,
          "type": "object"
        }
      ],
      "responses": {
        "200": {
          "description": "Template to Roles",
          "type": "object"
        },
        "default": {
          "description": "Unexpected error",
          "schema": {
            "$ref": "#/definitions/Error"
          }
        }
      }
    }
  },
  "/invoices/upcoming/{id}": {
    "get": {
      "summary": "Gets upcoming Invoices",
      "tags": [
        "invoices"
      ],
      "produces": [
        "application/json"
      ],
      "x-roles": [
        "admin",
        "staff",
        "user"
      ],
      "operationId": "get_invoices_upcoming_id",
      "security": [
        {
          "internalApiKey": []
        }
      ],
      "parameters": [
        {
          "name": "id",
          "in": "path",
          "description": "User id",
          "required": true,
          "type": "number",
          "format": "double"
        }
      ],
      "responses": {
        "200": {
          "description": "A Invoices",
          "schema": {
            "$ref": "#/definitions/invoices"
          }
        },
        "default": {
          "description": "Unexpected error",
          "schema": {
            "$ref": "#/definitions/Error"
          }
        }
      }
    }
  },
  "/invoices/{id}/refund": {
    "post": {
      "summary": "Performs refund on Invoice",
      "tags": [
        "invoices"
      ],
      "produces": [
        "application/json"
      ],
      "x-roles": [
        "admin",
        "staff"
      ],
      "operationId": "post_invoices_id_refund",
      "security": [
        {
          "internalApiKey": []
        }
      ],
      "parameters": [
        {
          "name": "id",
          "in": "path",
          "description": "Invoice id",
          "required": true,
          "type": "number",
          "format": "double"
        },
        {
          "name": "amount",
          "in": "body",
          "description": "Refund Amount",
          "required": true,
          "type": "number",
          "format": "double"
        },
        {
          "name": "reason",
          "in": "body",
          "description": "Refund reason",
          "required": true,
          "type": "string"
        }
      ],
      "responses": {
        "200": {
          "description": "The transaction",
          "schema": {
            "$ref": "#/definitions/transactions"
          }
        },
        "default": {
          "description": "Unexpected error",
          "schema": {
            "$ref": "#/definitions/Error"
          }
        }
      }
    }
  },
  "/system-options": {
    "get": {
      "summary": "Gets all System Options",
      "tags": [
        "system-options"
      ],
      "produces": [
        "application/json"
      ],
      "x-roles": [
        "admin"
      ],
      "operationId": "get_system_options",
      "security": [
        {
          "internalApiKey": []
        }
      ],
      "responses": {
        "200": {
          "description": "An array of System Options",
          "schema": {
            "type": "array",
            "items": {
              "$ref": "#/definitions/system_options"
            }
          }
        },
        "default": {
          "description": "Unexpected error",
          "schema": {
            "$ref": "#/definitions/Error"
          }
        }
      }
    },
    "put": {
      "summary": "Batch Updates System Options",
      "tags": [
        "system-options"
      ],
      "produces": [
        "application/json"
      ],
      "x-roles": [
        "admin"
      ],
      "operationId": "put_system_options",
      "security": [
        {
          "internalApiKey": []
        }
      ],
      "parameters": [
        {
          "name": "System Options",
          "in": "body",
          "description": "An array of System Options to create",
          "required": true,
          "schema": {
            "type": "array",
            "items": {
              "$ref": "#/definitions/system_options"
            }
          }
        }
      ],
      "responses": {
        "200": {
          "description": "An array of System Options",
          "schema": {
            "type": "array",
            "items": {
              "$ref": "#/definitions/system_options"
            }
          }
        },
        "default": {
          "description": "Unexpected error",
          "schema": {
            "$ref": "#/definitions/Error"
          }
        }
      }
    }
  },
  "/system-options/public": {
    "get": {
      "summary": "Gets all public System Options",
      "tags": [
        "system-options"
      ],
      "produces": [
        "application/json"
      ],
      "x-roles": [
        "admin",
        "staff",
        "user"
      ],
      "operationId": "get_system_options_public",
      "security": [
        {
          "internalApiKey": []
        }
      ],
      "responses": {
        "200": {
          "description": "An array of System Options",
          "schema": {
            "type": "array",
            "items": {
              "$ref": "#/definitions/system_options"
            }
          }
        },
        "default": {
          "description": "Unexpected error",
          "schema": {
            "$ref": "#/definitions/Error"
          }
        }
      }
    }
  },
  "/system-options/{id}": {
    "get": {
      "summary": "Gets a System Option",
      "tags": [
        "system-options"
      ],
      "produces": [
        "application/json"
      ],
      "x-roles": [
        "admin"
      ],
      "operationId": "get_system_options_id",
      "security": [
        {
          "internalApiKey": []
        }
      ],
      "parameters": [
        {
          "name": "id",
          "in": "path",
          "description": "System Option id",
          "required": true,
          "type": "number",
          "format": "double"
        }
      ],
      "responses": {
        "200": {
          "description": "A System Options",
          "schema": {
            "$ref": "#/definitions/system_options"
          }
        },
        "default": {
          "description": "Unexpected error",
          "schema": {
            "$ref": "#/definitions/Error"
          }
        }
      }
    },
    "put": {
      "summary": "Updates a System Option",
      "tags": [
        "system-options"
      ],
      "produces": [
        "application/json"
      ],
      "x-roles": [
        "admin"
      ],
      "operationId": "put_system_options_id",
      "security": [
        {
          "internalApiKey": []
        }
      ],
      "parameters": [
        {
          "name": "id",
          "in": "path",
          "description": "System Option id",
          "required": true,
          "type": "number",
          "format": "double"
        },
        {
          "name": "System Option",
          "in": "body",
          "description": "System Option to create",
          "required": true,
          "schema": {
            "$ref": "#/definitions/system_options"
          }
        }
      ],
      "responses": {
        "200": {
          "description": "An array of System Options",
          "schema": {
            "type": "array",
            "items": {
              "$ref": "#/definitions/system_options"
            }
          }
        },
        "default": {
          "description": "Unexpected error",
          "schema": {
            "$ref": "#/definitions/Error"
          }
        }
      }
    }
  },
  "/system-options/file/{id}": {
    "get": {
      "summary": "Gets a System File Options. Ids are 'front_page_image', 'brand_logo'",
      "tags": [
        "system-options"
      ],
      "produces": [
        "application/json"
      ],
      "x-roles": [
        "admin",
        "staff",
        "user"
      ],
      "operationId": "get_system_options_file_id",
      "security": [
        {
          "internalApiKey": []
        }
      ],
      "parameters": [
        {
          "name": "id",
          "in": "path",
          "description": "System Option id",
          "required": true,
          "type": "number",
          "format": "double"
        }
      ],
      "responses": {
        "200": {
          "description": "A System Options",
          "type": "file"
        },
        "default": {
          "description": "Unexpected error",
          "schema": {
            "$ref": "#/definitions/Error"
          }
        }
      }
    },
    "put": {
      "summary": "Updates a System Option. Ids are 'front_page_image', 'brand_logo'",
      "tags": [
        "system-options"
      ],
      "produces": [
        "application/json"
      ],
      "x-roles": [
        "admin"
      ],
      "operationId": "put_system_options_file_id",
      "security": [
        {
          "internalApiKey": []
        }
      ],
      "parameters": [
        {
          "name": "id",
          "in": "path",
          "description": "System Option id",
          "required": true,
          "type": "number",
          "format": "double"
        },
        {
          "name": "file",
          "in": "formData",
          "description": "System Option to create",
          "required": true,
          "type": "file"
        }
      ],
      "responses": {
        "200": {
          "description": "An array of System Options",
          "schema": {
            "type": "array",
            "items": {
              "$ref": "#/definitions/files"
            }
          }
        },
        "default": {
          "description": "Unexpected error",
          "schema": {
            "$ref": "#/definitions/Error"
          }
        }
      }
    }
  },
  "/system-options/version": {
    "get": {
      "summary": "Gets System version",
      "tags": [
        "system-options"
      ],
      "produces": [
        "application/json"
      ],
      "x-roles": [
        "admin",
        "staff",
        "user"
      ],
      "operationId": "get_system_options_version",
      "security": [
        {
          "internalApiKey": []
        }
      ],
      "responses": {
        "200": {
          "description": "System Version",
          "type": "string"
        },
        "default": {
          "description": "Unexpected error",
          "schema": {
            "$ref": "#/definitions/Error"
          }
        }
      }
    }
  },
  "/charge/{id}/approve": {
    "post": {
      "summary": "Approves a Charge Item",
      "tags": [
        "charge"
      ],
      "produces": [
        "application/json"
      ],
      "x-roles": [
        "admin",
        "staff"
      ],
      "operationId": "post_charge_id_approve",
      "security": [
        {
          "internalApiKey": []
        }
      ],
      "parameters": [
        {
          "name": "id",
          "in": "path",
          "description": "charge-item id",
          "required": true,
          "type": "number",
          "format": "double"
        }
      ],
      "responses": {
        "200": {
          "description": "A charge-item",
          "schema": {
            "$ref": "#/definitions/charge_items"
          }
        },
        "default": {
          "description": "Unexpected error",
          "schema": {
            "$ref": "#/definitions/Error"
          }
        }
      }
    }
  },
  "/charge/{id}/cancel": {
    "post": {
      "summary": "Cancels a Charge Item",
      "tags": [
        "charge"
      ],
      "produces": [
        "application/json"
      ],
      "x-roles": [
        "admin",
        "staff"
      ],
      "operationId": "post_charge_id_cancel",
      "security": [
        {
          "internalApiKey": []
        }
      ],
      "parameters": [
        {
          "name": "id",
          "in": "path",
          "description": "charge-item id",
          "required": true,
          "type": "number",
          "format": "double"
        }
      ],
      "responses": {
        "200": {
          "description": "A charge-item",
          "schema": {
            "$ref": "#/definitions/charge_items"
          }
        },
        "default": {
          "description": "Unexpected error",
          "schema": {
            "$ref": "#/definitions/Error"
          }
        }
      }
    }
  },
  "/auth/token": {
    "post": {
      "summary": "Gets a Authorization Token",
      "tags": [
        "auth"
      ],
      "produces": [
        "application/json"
      ],
      "x-roles": [
        "admin",
        "staff",
        "user"
      ],
      "operationId": "post_auth_token",
      "security": [
        {
          "internalApiKey": []
        }
      ],
      "parameters": [
        {
          "name": "User Login",
          "in": "body",
          "description": "User Login Information",
          "required": true,
          "schema": {
            "$ref": "#/definitions/user_login"
          }
        }
      ],
      "responses": {
        "200": {
          "description": "Authorization Token",
          "type": "string"
        },
        "default": {
          "description": "Unexpected error",
          "schema": {
            "$ref": "#/definitions/Error"
          }
        }
      }
    }
  },
  "/auth/session/clear": {
    "post": {
      "summary": "Clears session",
      "tags": [
        "auth"
      ],
      "produces": [
        "application/json"
      ],
      "x-roles": [
        "admin",
        "staff",
        "user"
      ],
      "operationId": "post_auth_session_clear",
      "security": [
        {
          "internalApiKey": []
        }
      ],
      "responses": {
        "200": {
          "description": "Message",
          "type": "string"
        },
        "default": {
          "description": "Unexpected error",
          "schema": {
            "$ref": "#/definitions/Error"
          }
        }
      }
    }
  },
  "/auth/reset-password": {
    "post": {
      "summary": "Send Reset password email",
      "tags": [
        "auth"
      ],
      "produces": [
        "application/json"
      ],
      "x-roles": [
        "admin",
        "staff",
        "user"
      ],
      "operationId": "post_auth_reset_password",
      "security": [
        {
          "internalApiKey": []
        }
      ],
      "parameters": [
        {
          "name": "email",
          "in": "body",
          "description": "user email",
          "required": true,
          "type": "string"
        }
      ],
      "responses": {
        "200": {
          "description": "Message",
          "type": "string"
        },
        "default": {
          "description": "Unexpected error",
          "schema": {
            "$ref": "#/definitions/Error"
          }
        }
      }
    }
  },
  "/auth/reset-password/{uid}/{token}": {
    "get": {
      "summary": "Get User password reset token",
      "tags": [
        "auth"
      ],
      "produces": [
        "application/json"
      ],
      "x-roles": [
        "admin",
        "staff",
        "user"
      ],
      "operationId": "get_auth_reset_password_uid_token",
      "security": [
        {
          "internalApiKey": []
        }
      ],
      "parameters": [
        {
          "name": "uid",
          "in": "path",
          "description": "user id",
          "required": true,
          "type": "number",
          "format": "double"
        },
        {
          "name": "token",
          "in": "path",
          "description": "token",
          "required": true,
          "type": "string"
        }
      ],
      "responses": {
        "200": {
          "description": "response message",
          "type": "string"
        },
        "default": {
          "description": "Unexpected error",
          "schema": {
            "$ref": "#/definitions/Error"
          }
        }
      }
    },
    "post": {
      "summary": "Reset user password",
      "tags": [
        "auth"
      ],
      "produces": [
        "application/json"
      ],
      "x-roles": [
        "admin",
        "staff",
        "user"
      ],
      "operationId": "post_auth_reset_password_uid_token",
      "security": [
        {
          "internalApiKey": []
        }
      ],
      "parameters": [
        {
          "name": "uid",
          "in": "path",
          "description": "user id",
          "required": true,
          "type": "number",
          "format": "double"
        },
        {
          "name": "token",
          "in": "path",
          "description": "token",
          "required": true,
          "type": "string"
        },
        {
          "name": "password",
          "in": "path",
          "description": "new password",
          "required": true,
          "type": "string"
        }
      ],
      "responses": {
        "200": {
          "description": "response message",
          "type": "string"
        },
        "default": {
          "description": "Unexpected error",
          "schema": {
            "$ref": "#/definitions/Error"
          }
        }
      }
    }
  },
  "/analytics/data": {
    "get": {
      "summary": "Gets Analytics Data",
      "description": "Gets Analytics Data from instance",
      "tags": [
        "analytics"
      ],
      "produces": [
        "application/json"
      ],
      "x-roles": [
        "admin",
        "staff"
      ],
      "operationId": "get_analytics_data",
      "security": [
        {
          "internalApiKey": []
        }
      ],
      "responses": {
        "200": {
          "description": "Analytics Data",
          "type": "object"
        },
        "default": {
          "description": "Unexpected error",
          "schema": {
            "$ref": "#/definitions/Error"
          }
        }
      }
    }
  },
  "/analytics/properties/{id}": {
    "get": {
      "summary": "Gets all instance properties based on template id",
      "tags": [
        "analytics"
      ],
      "produces": [
        "application/json"
      ],
      "x-roles": [
        "admin",
        "staff"
      ],
      "operationId": "get_analytics_properties_id",
      "security": [
        {
          "internalApiKey": []
        }
      ],
      "parameters": [
        {
          "name": "id",
          "in": "path",
          "description": "Service Template id",
          "required": true,
          "type": "number",
          "format": "double"
        }
      ],
      "responses": {
        "200": {
          "description": "Instance properties",
          "type": "object"
        },
        "default": {
          "description": "Unexpected error",
          "schema": {
            "$ref": "#/definitions/Error"
          }
        }
      }
    }
  },
  "/permissions": {
    "get": {
      "summary": "Gets all permissions",
      "tags": [
        "permissions"
      ],
      "produces": [
        "application/json"
      ],
      "x-roles": [
        "admin"
      ],
      "operationId": "get_permissions",
      "security": [
        {
          "internalApiKey": []
        }
      ],
      "responses": {
        "200": {
          "description": "An array of permissions",
          "schema": {
            "type": "array",
            "items": {
              "$ref": "#/definitions/permissions"
            }
          }
        },
        "default": {
          "description": "Unexpected error",
          "schema": {
            "$ref": "#/definitions/Error"
          }
        }
      }
    }
  },
  "/stripe/preconfigure": {
    "post": {
      "summary": "First call to make to change stripe keys",
      "tags": [
        "stripe"
      ],
      "produces": [
        "application/json"
      ],
      "x-roles": [
        "admin"
      ],
      "operationId": "post_stripe_preconfigure",
      "security": [
        {
          "internalApiKey": []
        }
      ],
      "parameters": [
        {
          "name": "Stripe Keys",
          "in": "body",
          "description": "Public and private stripe keys",
          "required": true,
          "schema": {
            "$ref": "#/definitions/stripe_keys"
          }
        }
      ],
      "responses": {
        "200": {
          "description": "Response message",
          "schema": {
            "$ref": "#/definitions/stripe_preconfigure"
          }
        }
      },
      "default": {
        "description": "Unexpected error",
        "schema": {
          "$ref": "#/definitions/Error"
        }
      }
    }
  },
  "/stripe/reconfigure": {
    "post": {
      "summary": "Second call to make to change stripe keys",
      "tags": [
        "stripe"
      ],
      "produces": [
        "application/json"
      ],
      "x-roles": [
        "admin"
      ],
      "operationId": "post_stripe_reconfigure",
      "security": [
        {
          "internalApiKey": []
        }
      ],
      "parameters": [
        {
          "name": "Stripe Keys",
          "in": "body",
          "description": "Public and private stripe keys",
          "required": true,
          "schema": {
            "$ref": "#/definitions/stripe_keys"
          }
        }
      ],
      "responses": {
        "200": {
          "description": "Response message",
          "type": "string",
          "name": "message"
        }
      },
      "default": {
        "description": "Unexpected error",
        "schema": {
          "$ref": "#/definitions/Error"
        }
      }
    }
  },
  "/stripe/keys": {
    "get": {
      "summary": "Gets stripe keys",
      "tags": [
        "stripe"
      ],
      "produces": [
        "application/json"
      ],
      "x-roles": [
        "admin"
      ],
      "operationId": "get_stripe_keys",
      "security": [
        {
          "internalApiKey": []
        }
      ],
      "responses": {
        "200": {
          "description": "Stripe Keys",
          "schema": {
            "$ref": "#/definitions/stripe_keys"
          }
        }
      },
      "default": {
        "description": "Unexpected error",
        "schema": {
          "$ref": "#/definitions/Error"
        }
      }
    }
  }
}